date,name
2024-05-22,NVIDIA 1st Quarter FY25 Financial Results
2024-03-19,GTC Financial Analyst Q&A
2024-03-18,GTC 2024
2024-03-05,TD Cowen’s 44th Annual Health Care Conference
2024-03-04,Morgan Stanley Technology |  Media & Telecom Conference
2024-02-21,NVIDIA 4th Quarter FY24 Financial Results
2024-01-09,JP Morgan CES Virtual Fireside Chat
2024-01-08,J.P. Morgan Healthcare Conference
2023-12-07,Arete Technology Conference
2023-11-29,Wells Fargo 7th Annual TMT Summit
2023-11-28,UBS Global Technology Conference
2023-11-21,NVIDIA 3rd Quarter FY24 Financial Results
2023-09-11,Bank of America Global A.I. Conference 2023
2023-09-07,Citi's 2023 Global Technology Conference
2023-09-06,Evercore ISI 2023 Semiconductor & Semiconductor Equipment Conference
2023-09-05,Goldman Sachs Communacopia & Technology Conference
2023-08-23,NVIDIA 2nd Quarter FY24 Financial Results
2023-06-28,Piper Sandler Webinar: Networks for AI
2023-06-22,NVIDIA 2023 Annual Meeting of Stockholders
2023-06-14,Nasdaq Investor Conference in Partnership with Jefferies
2023-06-12,New Street Research’s Future of Transportation Conference
2023-06-07,Rosenblatt's 3rd Annual Technology Summit: The Age of AI
2023-06-06,BofA Securities 2023 Global Technology Conference
2023-05-24,NVIDIA 1st Quarter FY24 Financial Results
2023-03-21,GTC Financial Analyst Q&A
2023-03-07,43rd Annual TD Cowen Health Care Conference
2023-03-06,Morgan Stanley Technology |  Media & Telecom Conference
2023-02-22,NVIDIA 4th Quarter FY23 Financial Results
2023-01-12,J.P. Morgan 41st Annual Healthcare Conference
2023-01-05,J.P. Morgan 21st Annual Tech/Auto Forum
2022-12-05,Arete Tech Conference 2022
2022-11-30,Credit Suisse 26th Annual Technology Conference
2022-11-16,NVIDIA 3rd Quarter FY23 Financial Results
2022-09-20,GTC Financial Analyst Q&A
2022-09-12,Goldman Sachs Communacopia & Technology Conference
2022-08-24,NVIDIA 2nd Quarter FY23 Financial Results
2022-06-07,BofA Securities 2022 Global Technology Conference
2022-06-02,NVIDIA 2022 Annual Meeting of Stockholders
2022-05-25,NVIDIA 1st Quarter FY23 Financial Results
2022-03-22,NVIDIA Investor Day 2022
2022-03-07,Morgan Stanley Technology |  Media & Telecom Conference
2022-02-16,NVIDIA 4th Quarter FY22 Financial Results
2022-01-10,24th Annual Needham Virtual Growth Conference
2022-01-05,J.P. Morgan Tech/Auto Forum at the 2022 International CES
2021-12-09,Deutsche Bank’s Virtual AutoTech Conference
2021-12-06,UBS Global TMT Virtual Conference
2021-12-01,Wells Fargo 5th Annual TMT Summit
2021-11-30,Credit Suisse 25th Annual Technology Conference
2021-11-17,NVIDIA 3rd Quarter FY22 Financial Results
2021-09-21,Evercore ISI Autotech & AI Forum
2021-09-14,Piper Sandler Global Technology Conference
2021-09-13,Citi 2021 Global Technology Conference
2021-09-09,New Street "Big Ideas - in Semiconductors" Conference
2021-08-24,BMO 2021 Technology Summit
2021-08-18,NVIDIA 2nd Quarter FY22 Financial Results
2021-06-16,Nasdaq 44th Investor Conference
2021-06-07,Evercore ISI Inaugural TMT Conference
2021-06-03,NVIDIA 2021 Annual Meeting of Stockholders
2021-05-26,NVIDIA 1st Quarter FY22 Financial Results
2021-04-12,NVIDIA Annual Investor Day
2021-03-01,Raymond James 42nd Annual Institutional Investors Conference
2021-02-24,NVIDIA 4th Quarter FY21 Financial Results
2021-01-12,J.P. Morgan Tech/Auto Forum
2021-01-11,J.P. Morgan Healthcare Conference
2020-12-14,GTC China 2020 Keynote |  Bill Dally
2020-12-07,UBS Global TMT Virtual Conference
2020-12-01,Wells Fargo TMT Summit 2020
2020-11-30,Credit Suisse 24th Annual Technology Conference
2020-11-18,NVIDIA 3rd Quarter FY21 Financial Results
2020-10-05,GTC Financial Analyst Event
2020-09-21,Evercore ISI Virtual New Mobility & AI Forum
2020-09-14,Deutsche Bank Technology Conference
2020-09-14,NVIDIA to acquire Arm
2020-09-09,Citi global Technology Virtual Conference
2020-09-01,NVIDIA GeForce Financial Analyst Q&A
2020-09-01,GeForce RTX 30 Series Launch Presentation
2020-08-25,BMO 2020 Virtual Technology Summit
2020-08-19,NVIDIA 2nd Quarter FY21 Financial Results
2020-07-10,Piper Sandler P.S It's Friday: State of Cloud Virtual event
2020-06-23,NVIDIA AUTOMOTIVE MEDIA EVENT
2020-06-16,Nasdaq Virtual 42nd Investor Conference
2020-06-09,NVIDIA 2020 Annual Meeting of Stockholders
2020-06-03,Needham 4th Annual Virtual Automotive Tech Conference
2020-06-02,BofA Securities 2020 Global Technology Conference
2020-06-01,Morgan Stanley 2020 Cloud Secular Winners Virtual Conference
2020-05-28,NVIDIA presentation and Q&A with CEO Jensen Huang
2020-05-27,Cowen 2020 Virtual TMT Conference
2020-05-21,NVIDIA 1st Quarter FY21 Financial Results
2020-05-14,GTC 2020 Keynote
2020-04-16,Mellanox Acquisition Approved by Regulators – Materials and FAQs
2020-03-24,Virtual Fireside Chat with Colette Kress and Jeff Fisher
2020-03-02,Morgan Stanley Technology |  Media & Telecom Conference *virtual participation
2020-02-13,NVIDIA 4th Quarter FY20 Financial Results
2020-01-16,J.P. Morgan Healthcare Conference |  Kimberly Powell
2020-01-07,J.P. Morgan Tech/Auto Forum
2019-12-11,Barclays Global Technology |  Media and Telecommunications Conference
2019-12-10,Deutsche Bank AutoTech Conference
2019-12-03,Credit Suisse Annual Technology Conference
2019-11-18,SC 19 Presentation |  Jensen Huang
2019-11-14,NVIDIA 3rd Quarter FY20 Financial Results
2019-10-21,MWC Los Angeles 2019 Keynote |  Jensen Huang
2019-09-05,Citi Global Technology Conference 2019
2019-08-15,NVIDIA 2nd Quarter FY20 Financial Results
2019-06-13,Nasdaq’s 40th London Investor Conference
2019-06-06,RBC Capital Markets Future of Mobility Conference
2019-06-05,Bank of America 2019 Global Technology Conference
2019-06-05,NVIDIA Robotics Summit Presentation
2019-05-27,Computex 2019
2019-05-22,NVIDIA 2019 Annual Meeting of Stockholders
2019-05-16,NVIDIA 1st Quarter FY20 Financial Results
2019-03-19,NVIDIA Annual Investor Day
2019-03-18,GTC 2019 Keynote
2019-03-11,NVIDIA to Acquire Mellanox
2019-02-26,Morgan Stanley Technology Conference
2019-02-14,NVIDIA 4th Quarter FY19 Financial Results
2019-01-10,J.P. Morgan Healthcare Conference
2019-01-09,Citi Global TMT West Conference
2019-01-08,J.P. Morgan 17th Annual Tech Forum
2019-01-06,NVIDIA 2019 CES Press Conference
2018-12-06,Barclays Global TMT Conference
2018-11-15,NVIDIA 3rd Quarter FY19 Financial Results
2018-09-06,Citi 2018 Global Technology Conference
2018-08-16,NVIDIA 2nd Quarter FY19 Financial Results
2018-06-12,Nasdaq Investor Conference
2018-06-05,Bank of America Global Technology Conference
2018-06-04,Evercore ISI Autonomus Driving |  AI & Mobility Forum
2018-05-31,2018 RBC Capital Markets Auto Tech Conference
2018-05-16,NVIDIA 2018 Annual Meeting of Stockholders
2018-05-15,J.P. Morgan Technology Conference
2018-05-10,NVIDIA 1st Quarter FY19 Financial Results
2018-03-27,NVIDIA 2018 Annual Investor Day
2018-03-27,GTC 2018 Keynote |  Jensen Huang
2018-02-26,Morgan Stanley Technology |  Media & Telecom Conference
2018-02-13,Goldman Sachs Technology and Internet Conference
2018-02-08,NVIDIA 4th Quarter FY18 Financial Results
2018-01-10,Citi 2018 TMT West Conference
2018-01-09,16th Annual JP Morgan CES Tech Forum
2018-01-07,NVIDIA 2018 CES Press Conference with CEO Jensen Huang